wallet,credit_score
0x79fd5077324c498e87fda762e7e8c399ab599c0e,100.0
0x11100946e113443e0f4a2b7db03fedb811b7a7d7,99.99999982256442
0xbe9b0562a6a64758d85cfd8a14155acde0a8228d,99.99999926554783
0x6e276a053a3030d7abf60b61ac40aae0608c838d,99.99999786479357
0x97ebe069ba152b4728d8638348e4d1d18ac9ddd7,99.99999781046262
0xea7f81180283be0f9f0ba1fce26a9ed3458923be,99.99999767770498
0xc4a69d55bb13b215dc683dab31c4eccac1ad60d8,99.99999723955749
0xcfbcdc0b671ef859ad98bbc35e2031bc8c1aeae5,99.99999681352661
0x59e4fa392f955e08f2d2a05cd790b97c59f2511b,99.99999655279701
0x67f49c962011c38cc8d2de9ec7aeeb2e0fcd4f96,99.99999638533792
0x8ab1e71f8622d0d592629391ecfd1041ac16bce4,99.99999585086724
0xd386b4bcf0b4827e2317856a427f03f761a3c812,99.99999549714617
0xe821a441e9f22f24281003b8ff85d52a0f6d847a,99.99999548998623
0x82b13de76ee899d15a78bf618c1dfc90e0043937,99.99999533467043
0x282173335ae1f328b34eb9acadc052e59e70a89f,99.99999526805038
0x1ed483379aa2d3a36909f37d7d357de6e645392e,99.99999516045133
0xa9b59bb4a7fa8c8c1d4ebc1992ef86ce451c94b8,99.99999511402926
0x7b99d8216268df153d2532cc0e71ef0c639e8414,99.999995109011
0x11459c356958862ccaf8ce884759b1a50c552af6,99.99999506766531
0xe03388d24b08886eb1739fdf002fdd1ec4d49776,99.99999501212595
0x19449cf42b24bb4d70160ff5a99ae9ed6b58fa9f,99.99999500134231
0x0c8c5726f60201d428d2ebbda59008174c42a4c8,99.99999494393498
0x11246df30ac198e45efc851579b873284a59d79e,99.99999483517237
0x3bd92d15b407371dc22e557032169d25e1809e27,99.99999482782084
0x1e6cdf06cfc741a79d9ac4816a89b4adc8a50b0f,99.99999474928424
0x31e1334ded9e9a198da949be5f862f582ca3e8e9,99.99999473284427
0x99f4b7bb3866bfa6b35c5b0af8ac91d4dd751bb2,99.99999472677926
0xd8474f1c349cca7309a97662b2e69f809298ee98,99.99999458030939
0x435c34698930062b8d03aa51e10d2b0613c7c209,99.99999455898696
0xbb012f3a95d3ff2e49f7e3bcae836fabd2141380,99.99999452294732
0x12f10f22876c8242ddb484b48a6b04d91c2b2469,99.9999945130197
0x14f17ac7d4e5ad6cfe610635e6749b7a76ad29fd,99.99999439940633
0x23d6201cd884d1a8843a7d34e19f0be7f6901116,99.9999938932242
0xf328cb67e567d47a1c5374ef4bcc9161b390906d,99.99999387129694
0x09e0dc928e03955d5ca85ba2122f8fa75b23937c,99.99999379062935
0x4e7795ada425ba36f897ed8d9a9aba79a15861a8,99.99999364650505
0xbab079c07867f5ec7af21a197e2816c7feea7b45,99.99999361787003
0x56535c04fe89561e7092f472b2cfbd6966eb3a2f,99.99999353594667
0x87ed92be4a0a672fff16ec285321300438d94eda,99.9999935167651
0x666eea28ebe4e51b30a9600482b1478c462f9818,99.99999344796248
0x02beb549dcb28920788fab134202ae2cd07808a2,99.99999344474702
0xca667eb993d78f81479f398c434d9d3eca91c975,99.9999933970304
0xe1d4979d1dba6f4d3da0ddeaa8e4455edd57fcb1,99.99999337194778
0x1c79fbc432a59398de113200349a5a32450dc279,99.99999336894427
0xbfd09fc006d6c36f582138acd14a0a688e79e987,99.99999334276112
0x8bba40af5014cf9c639045cb74722e931f3788dc,99.99999334115677
0x3c6b3b22429addfc44a9d42901390ed751a5a238,99.99999333389863
0x7feebd9f278f36bf2900b7580805339e9167e3b6,99.99999329155781
0xcc09d45e3cdac675ccda6ec2cf8ac612b566fb99,99.99999321012612
0xbb1376cc1c2f4455a3ba5edd39af4e272a4166af,99.99999305726357
0x6045c48aaee481c14f614276d72b68ce24249606,99.99999296321539
0xccf4510e7476e6cfd15adc73238d142864b8dd17,99.99999286289668
0x45765dee51ce94eb638b5e01c1fcdc8f531fbec9,99.9999927771802
0x05564e49e58207fb257e9c3530a576f31f01e867,99.99999275616835
0x4470ca14cde6342a0b001e127066b435088eccd3,99.99999274071402
0x8cf955cab01cbe0c8d93c5e6407627bd95630e3e,99.9999925353066
0xbccb243c8c6e91c8d877e9459a6cbced2f14bd2e,99.99999252101351
0x60090a20eaa3ad6337da91f3e0a109d962c6c259,99.9999925176955
0xf1aa67b2c52b7ceb9abeac8d98e2ce43d8a9539b,99.99999240644264
0x88dc4e7a33aeeec022779acc085b80af61609f98,99.99999240442408
0x3f7a8547baa6b70ff5a86f266715950c9f475a25,99.99999239855437
0xe44fe5d74e7cfae7a2538648e2a89d1acbcf9f9c,99.9999923322625
0x113fb53ad7c0de23c45847aed76b0e148119600e,99.99999231447212
0x61a906b73215a3543e8c8ff7ebf7f05c70ec9007,99.999992236384
0x54a3a8245a5135f77bd6aaf7cbe632836ab8a0da,99.99999220357289
0xaf78e48e6a6f2efae99964aa5aeb4f7d58d251be,99.99999217222224
0xebfbcb73bf24aa83e4799d44bc8ca5202366c366,99.99999198161082
0x8e5081e783c85853f58f4444de35bde87ccb3826,99.99999197619593
0x62b5d52aabbc880e757a7ed3c4d0d9fc0899d35b,99.99999172784068
0xe3124f611ab9e2e8be17590831d7dcc3534142ad,99.9999917210848
0x2531a0edc54daa02b4d3a028eafbcdd674e13e79,99.99999165371027
0xfb4f025ed50e3a200d520c2cf60a198ecb584d6c,99.99999162487165
0x98e0256cb9383e7385726c057fee5aeba8aa69ba,99.99999160330059
0xdc0d142413e97562a2c11074b16f9720c50d94a3,99.99999158539418
0x54e250ea9b59f4d627b7c35570e7acd688916ba6,99.99999157670086
0x023369617ab89ab462893f22352ce656e6c092db,99.9999914802477
0x218bd3b330d40652572b5073e360fff282e389fb,99.99999127918404
0x6b842cf056243a16819ee572b790e83df33f6a34,99.99999123463157
0x99d1b6b980abc79dc0a065df058682550867cd69,99.99999112230293
0x1ef1eec1f94f05c1739e6e6168c44f611b8e19f4,99.99999106938957
0x086706e772dfec04f2acc4e58ba8bf2e8e290156,99.99999099544343
0xf640d8c6a1746b1aeba58bceb3171e914771c1e9,99.99999084344661
0xf36d587f125cf273c21ee2761e74af3cf0600371,99.99999083651531
0x0fdbb13c88cbaf66a9da0625810370598c216b57,99.99999083617419
0x468727d0770a301d2721968765ac0b003ce332c5,99.99999060516981
0xb04dfb5c9f5fcb1ceb9958b66d09a12c84302d33,99.99999059257676
0x2b596664c819265a0e3f5cd9e695d591a4441e82,99.99999052020662
0x048b199693e98011c2f360d600c9b81cd9096c92,99.9999904678711
0xcdc3d84c8f50d139168883c13892ea08d8270a3a,99.9999903820759
0x8d8c1e14c8777cef1dc8e29090c670c5d1d686ef,99.99999031613211
0xadaa82d99ca31379ec8417515a75a7ce3a4b4044,99.99999030615983
0x2ec20e5aa17f736060356f6b186208d5ce0ab4b4,99.99999025845474
0x56aaff9992749f0a97ea83e98a9c4523c9f49b95,99.99999017041384
0x63c7d99b9de8e042741f5f015f0f695b2a9fa87c,99.9999901041169
0x3fd4f10a85dd5e8a8477ff9f9e1d3c2129b807f9,99.99999010031478
0xb3d836fa28a16dcf3f58f5e526ee38dd57d9cc4f,99.99999010010563
0x820adbe5bbaba72979949686e3d32f784542235d,99.99999003960862
0x44153a4a14e603894f842fd07672b1b7e21dc95a,99.99998995975825
0xe9b05bc1fa8684ee3e01460aac2e64c678b9da5d,99.9999899112041
0x1e8ffb72dd374d2b08dc6b510595a2e2f3a1cfd8,99.99998988878195
0x4bb9a1e3ba4aee6f6bb76de1384e7417fd2c9dc2,99.9999898367093
0xf613735f8dd9268487045e018658353b34d18362,99.9999896854467
0x2da45f85a969cf49103ad4283c821705ca2e7759,99.99998967094108
0xb7245baf28f1e959d111a2aa5983a5e42027e2b3,99.99998948537502
0xb1fc02db47f5e75177952724b25f9be9d3e53629,99.99998946729802
0xbd57030f8b7b4eeac3eba31fadeec702f35f4e2d,99.99998937882619
0x84a8879358e28ad4fa324c527e5f8defa41cc2b4,99.99998918972078
0xb60dd5f030b68beb38fea0c414771acda899fcaf,99.99998912028086
0x2bb4aac1ed984d00ff1e2f585018c35015f6bc11,99.99998909900947
0x93bac282a9c5f922b9a786d752efdb15bcb98506,99.99998896516017
0x69d8414d216a7540668e97ec5be5c1be5936fbb7,99.99998889319708
0xb17896a070b9b77cd505c766d8e189e00a23863e,99.99998862237189
0x3fefb091e5650963f1aa6ed2fc74a07bb2ba04e1,99.99998860834788
0x14bb32b25197743079bb03b0c1f3ee0a3637c575,99.99998856204144
0xb0166ab8ccb323729a1225e9b553d8eeab227423,99.99998850491193
0x6916b6bcdd5eeb15d959de45112ef83e58ad8dcb,99.99998834906107
0x4b8012c1f1c394c8ac6d5511f2047b4da4955b23,99.99998832232906
0x215626e069dbf91a08223dbb8903406d28a7376e,99.99998827497338
0x578cf8c239bf1225da4bf95ae08f82955d2a2c14,99.99998823913864
0xfe110c8413138e00a505f2bb764766f42c388fd5,99.9999882257114
0xb1ffc72a5d930da3f48d7b7703f9a1a1acb3cf23,99.9999881635969
0xd121d55308b346ee9675cde51a51174a45a37341,99.99998815580614
0x6b415b39a3656d5ca440aa5088cc1d363676b8e0,99.9999881067497
0x0c0d1b059ff18290bd77e370802306ac420ba11c,99.9999880759317
0x7d436bacf03e104fb5b0dfd200a3b3ba017755fb,99.9999880529724
0x544796b449577afc47eb105d04a9e390f8f7cf56,99.99998804179653
0x09f9fea14594f7adb7113e3bba8b741fceaef9d1,99.99998802944654
0x525b204117240f93454488ffb7b8b186a25ee739,99.99998787966615
0x90a3e25582d50718f66eef67a8571b8f51ec54a5,99.99998787080901
0x757b4aa983aeee9072181f1cfdcd7ec994add604,99.9999878681432
0xf5459ff593b28721fbcd512172088c2e5f4731dc,99.99998777267717
0xbf5847d7281a7307e3a0baf805090dd34d61344b,99.99998772969427
0x2ec7947f3ac9aaaa44b53640506cdc9d848d9489,99.99998771149326
0xea04965fc2ca0f62e4ca2446afb0c25ccc9335c4,99.99998768410995
0x835350ba55d089153a7410bce023197c862056ab,99.99998759348684
0x40d05342433715c3527d87eca9b7c093206ea3ec,99.9999874778704
0x2c304e6f0133ab27a98c45c327ca17894f997921,99.99998744286587
0x2041c791fa6d70b2a3d73d1281c61842a5a49bbb,99.99998735191284
0xe5f98835d66001608d44563dc1eed1acfe4ed0e7,99.99998732799884
0x67976fae8c826cba2b11ea9b323efef437a26417,99.99998731535543
0xaff375fa00ac75001e833869599b7c2dbe9e7c05,99.9999872656973
0x755b8baa3b2ac8df6de2542fad2e834a5cb2cd1c,99.99998721482241
0x2600c321676213fdbfa93f7d9958ed121bc04ada,99.99998717182594
0xb16f7396d623c18d4570f6f3483c17e5d7043f68,99.99998711104803
0x7f7c0f57b9d0087666223b0f065e532ba4c1e2a2,99.9999870514036
0xfea42efc861857a7f1b323f557fab5313fbeb814,99.99998683358878
0xe5d7926b353f7941722256cddb65dee565f87e6b,99.99998681230797
0x84afb542a40aa0e5a1b7c75ece5837d99a8e164a,99.99998675732141
0x3a8fc3fc65333e2edff3a28e922d2ce67bb9f717,99.99998670710771
0xabe4bc276c7b82ab4516734bb01e90d0ded624f2,99.99998652751975
0x4505852860a84663d666cc9d2231c888e2444abe,99.99998652601971
0xd33351c68a6e8dfd6982cb35661ff615975854d3,99.99998650594402
0xf5e506034b97ec41946f8e203037d655dea0e600,99.99998635495135
0x29ad3317a7e230dcf30438fff631c9ca6d733bbd,99.99998633168133
0x940a9d8d1033e4362d54de29f48e31970289ddc8,99.99998623477119
0x19071345c02cb215443c1085bfac6d5077083471,99.99998614737027
0x75b94b59e59f31f1c1744396c189a4f22cc569e2,99.9999859237436
0xbd14bed6e604047d2da419ab4075867c1ae80351,99.99998590317523
0x3b7e36e449c705eff181d487326fee73e85f8ef2,99.99998588114953
0xc14789371df437e087a5e232b05b785d285113f7,99.99998583513535
0x650999888fdc834138f89a9890e58723ecfc1789,99.9999858232166
0xe68dedc87414debd21b8da5e340d862e76c600b6,99.99998582096102
0x8018b586e6c6ceae979d83fe2b938de88b454793,99.99998560623469
0xb2670548e22678d1565718cea422d29c166ba946,99.99998546168348
0x8666dd0923415f580635c363ad83bbedc31e0db6,99.99998538268017
0xd2abb66ac69a350f1a1667d2eda70b2fc99d4e2d,99.99998534337045
0xd3deeda036aed89f940203c64c94f3ebe23e0954,99.99998525713266
0x113292b8e8c06b3aeb44c15167182a400286d1b3,99.99998525149888
0x6925d3ec435c5f15ad6da45aab88782894c36eb8,99.99998513948557
0xf3869571743c63bdc4bf5e92c01595cb30e04d98,99.99998501655546
0xc7febbd6f4efaf04c2f343053886ef5becade38a,99.9999848688586
0xde1db8d82146f071e8ed243db5d504f43d023fac,99.99998482786968
0x225e6a05c7617d6b6a5a19f7e1e20f6eac6cad83,99.99998482536442
0xd9687e45a42844e9c3a9d66720a8057bb80ab879,99.99998478735776
0xc627613f7a9234e0417603b7ace342291add9dfb,99.99998476711534
0x302226840516385e7a90fb68cf81c176144705d6,99.99998475996682
0x3be7fe9be7a924a51564715a1c00d141eeb045f1,99.9999847558525
0xc3653b6bc661e8e618909a915330a357811dc562,99.9999847382589
0x9c97c887c4827cc56e5b8326ac89de50a733c3d4,99.99998466478885
0xd7009d5cca2e8f2fc05dc06a5097dbcecc77c2c9,99.99998466291554
0x581f3d41d0c8d93233791b775c5b08fb2880b76d,99.99998465350633
0xb075538e6df4584cd4093a7de22ae1632be64c85,99.99998464507841
0x822193e3c0881cef4f7a8919df53cabb04ba7500,99.99998463538287
0xa3fc07daf2bf7dd533553c9830d4354f03847806,99.99998462403956
0xa4337fa4facfd1b141452caaef6b159e5f1cfce0,99.99998455513382
0xbaaeacfed20e4cbdc2fe1d0ecdbbe3590c2673ae,99.99998446766041
0x064eba7ed0e57bb779280bf5dbf5e2781c67aa38,99.99998446038137
0x21adf8ab32f0f95cf92e681dfcd890fc0e07c01a,99.99998445947537
0xf11db27da72c48d9b06885cfe7bcc817ac9a0287,99.9999844454669
0x64ab0d68c8cbde550db42928dae1af13a5c44f9b,99.99998443613572
0x0d1ddb762c8899657f2305fb915a25eef4a21b02,99.99998421685736
0xad51d92ea96807bb28f7222d008d50a25e0ffab2,99.99998412824013
0x1a8f05e886071cf45d061d2da1212ca33c0f2972,99.99998412426919
0xea542cbdb7f321c20ab86ec99dd373a6e078e5e0,99.99998411939808
0x5617a73946bcd6ac851f075093cb6d35fd17fb45,99.99998400300376
0xcac0f34c166747f3babe4d1a2d22cabc010baf01,99.99998394805696
0x3143329383759d901e23382b329e7e958239f0ee,99.99998388784314
0x56acab082ddfc2b324d5025eebf6b39dbffbbb0c,99.999983791906
0x6a0b75c93cf3585164a816925ce49fc60539cb17,99.99998375918089
0xbe2c1ec82119b12be5d0b7921987c2a6fe0a91fa,99.99998359281446
0x1a126200b3adb886aa61b1aef5127fbc2b3d6fa1,99.99998357718617
0xf43c4dd7bf39d78d035d5afbc7ba76b22a6ad420,99.99998333085611
0xf8aa78ff1f6f0a3644258caa298bc2c4deb1c189,99.99998329791939
0xc6f055e3f689c3a728c7d1f385a1afed0982400c,99.99998314442618
0xc2ef254f676d9c791d6672454876a7eb33560deb,99.99998296728599
0x055cbe26fedfa3c1f82222fdfdb931b14b2c3b3f,99.99998296229
0x2489d1b30269ae766cd7ffc233fbe14ecede82b2,99.99998287604492
0xd1b52f966434c7eae459a18b851b2ae966f65214,99.99998285318425
0xb7a246eda24abc964b70001ed4b800534d41b9b4,99.99998284465285
0x8d9a72977501207161b75e4e034609f380792b9b,99.9999828018631
0x326799846b5a06eef9cc55b641823e927ecc0c3f,99.99998270216693
0xdd976b013cc7f3d47015e323fa1cf030859cca08,99.9999826479876
0xcf41c814f01bbe36bcebef5489f8f1de2d776b6f,99.9999825070368
0xf7112a4852fe7fa7beb032f7aa7311b640cb00a7,99.99998229011086
0xf15db83af8eff40acf8f25e566e112413090f860,99.9999817585546
0x442c55479f89ba889db1abaf30aa3902f6fd2d87,99.99998171380953
0x3b4ee01feddb2e1f4cd4ddede2ea907801da80b8,99.99998170907523
0xba186ac29dda5e735058bf4ba956c255670821d1,99.99998167816138
0x3ae5ef40114df5a25b354906d492890b28fbcc90,99.99998162222488
0x6b719561b3c2163cab0ace33d2495d54a70edd3f,99.99998158445693
0x112763a028d6de3750dfb97d81e1f965015de822,99.99998156330703
0xf96e7600a026d031c8be47af704cde6798bf0c2a,99.99998150317889
0xdf8f53b9f83e611e1154402992c6f6cb7daf246c,99.99998147541473
0x2d502219e4fbd0945e39e73c6300af5a2ea055c3,99.99998144256011
0x2acf84a7460850c12eb9ffc74cd8dbfcb1f64647,99.99998140520113
0xef291bb068a7d55e7ea94653d1299af15e7492c5,99.99998131612708
0x83d8766afef7e3e90f0139ffe9fa49f95646ea2b,99.99998130884728
0x7bb9a7060e9341af49df76b48ef77e0a8bb85951,99.9999811831266
0x39add6b1d8b3e726641a18277adbad87d81f6acf,99.99998105894863
0x59db8690274565b01bc1df87320c2eed05b757da,99.99998092307933
0x499e638883a42e7e6d10b6c636cae5d9b1d8fc00,99.99998087684013
0xc09d4c25850938977110a43ba16fe60c16742b47,99.99998087135839
0xd62d06fa133098d07d156260028df6fd3253f539,99.99998086292912
0x4bcef78d37d9da8a72982e4565c6c502f9ddc426,99.99998085331578
0x887e9c939a7077d81c73d99b577ca641f6cd1af1,99.999980853083
0x49f53707f7c4d4ccbe0c620f717d656dce74a4fa,99.9999807627424
0xa6a2488de70efa2dc9922c7dbcc31f9771c92fe6,99.99998075848829
0xbbcfa5ff29d6a0c3acc7eb2aa029bd264aa7bb27,99.99998070832761
0x7be02502dde489a24e7762541c6ec72d50532192,99.99998064101364
0xed76c92f6d8f9067143525cc60b943647b24614c,99.9999805412155
0x12451617d21db5d0a378b8ae27112f9ed073e6d2,99.99998051983832
0x06a5c6f7236fae31999614602db27739ddb91c27,99.99998048432057
0xbdc986c3a8b6a0f6fbae9a1b22b64e3904fdd1b3,99.99998045532007
0x884aed611804d2b472f08a49ea33798f2e6acf9e,99.99998039947211
0xcb7d9a49e9120da3b25e816137bf5822d930da31,99.99998039402833
0xc9f258df3b771a745d812a4a70e08054304ac7e4,99.99998031878017
0x8daed1c8233547ad869fce7a80cd5bd6e89b4826,99.99998029806181
0x7253aa5277dea7feb0169bbea9b8927bb0f7b198,99.9999802763152
0x2d3142ba309c489737499826b09acefd6d8000a5,99.9999802487887
0xfa1f6733bae6820a5430b8fa20262e93c8bfdfde,99.99998020916352
0x49d776ed2d6fcfe2078805b18ea6fd01ca6d1266,99.99998013283327
0x66d4bacfe61df23be813089a7a6d1a749a5c936a,99.99998012548562
0x12e1c30563f8b0c1dbcebea65076a5e31bcbfd13,99.99998010535803
0x6d3be53977eaf87650e1a21ea3e17977a43684ac,99.99998010037018
0xd2cd02672928520a5142b189e9a7bb74adce477a,99.9999800904041
0xf9e6eeb0f65fc7769f0dd7c1320a6b90d4fe4a4b,99.99998005889591
0x247cde299a04692a947dd573c4c357d674d2a9c3,99.9999799357999
0xaff3e2f5df2ccee2be39796d16fd02fbd5eedd5a,99.99997984214811
0x8b42a699c05a322da6e2f2333e7e369f9a9bb95c,99.99997983715775
0x15357bbe6e541395e3f279cfa60caeabf89c3fba,99.999979818655
0x0ae1e4d80bb48a8e989fd47db841b26bf870bb0b,99.99997965330614
0xc1d72add3e355fd33b2e7892b51f1d1f7de04270,99.99997961944986
0x34329c5dfdd5a3ac4823445873bc5b9498ae38ed,99.99997954450292
0x93fe3b54fafa0ad5c12997fa8fbcb2feaf9a644a,99.99997952414176
0xc2707568d31f3fb1fc55b2f8b2ae5682eaa72041,99.99997952274785
0xea0a93df4fdf62c066f60368d908220dbb4cdd99,99.99997950566487
0x7e17c1fc4aa547a1423749a5b488628de365aed4,99.99997950434052
0x4e248177e428b97b1462a2056a8000c58c4dae05,99.99997945516272
0xc043d304f3f0c2d620b232db137777a028907fa9,99.99997944851137
0x35b9ed702123a900dfef45a30b4db3308e6b191a,99.9999794383088
0xfc3220ee075ab1caff2cc1aa3818787be09f6a3d,99.99997940541475
0x818ca580a8d281397c6ef7058eca12ed61f8763e,99.99997940021947
0x89e8e5f0fbf2a7089a9ecb59ed469774c89ab53c,99.99997938906155
0x4a6a6af32c84939884e881d03f650e26db5ff86c,99.99997935157988
0x870348c1f6c5a337e3decc094edb10f87b2de1aa,99.99997934735323
0x73c7a468ede538a3df645ad137b7b299de979a4a,99.9999793426463
0x385c3c52a3f5475d49accc98264e8005e67cd5d8,99.99997932135086
0xdcb2ed49e41e622e62932285f2e653a33c0fea8a,99.99997926300766
0x53884d6d5edc031cf063c36103710583631f0f3c,99.99997925545003
0xd7a94dc401166fec8929ebdac955ceb3266d5655,99.99997925182777
0xdbf43a5e2fd848606399823a7c5cd3663090bebc,99.99997924253474
0xbd48e5ee8cf031716a8109dad3350c375d3c1e55,99.99997922787517
0x8390ed868887e2bcdf29e85b0be2799915e47aeb,99.99997922760467
0x37ce5ad5f380735f747c28e57282912ea059555f,99.99997921760928
0xd69307267cfc2a9c1092cad5498e65f052d73160,99.99997920477159
0x28e9477e1a7f5b04517bf4ad1b5f31feda93cd34,99.99997918126208
0xefe0d70e7b26ee79a0589307948179e08e8bed0e,99.99997912243104
0xb1ee85d366a572f99e87a81db5658ba927341918,99.99997910295838
0x4b123bcb38d21a5842f7a90437e74487a6ee3262,99.99997909781614
0x53fce23d934b88fcce1a89a52c54742dd6766cd5,99.99997907481199
0xcc51ef6c323121a42194a0c82fcb9c1b59c75b21,99.99997905209462
0x5be9533109ea85badf8ca2668df2e161d68dcbb8,99.99997905202086
0xe57b40d4dedaab79e2f9e6c3e10ad1179179efdf,99.99997904786629
0xa8fe6b0586653170f28ea1f12b5cf7f7cc6d4c2a,99.99997903167879
0x5d95cd5e991f9351138a07306d76d981f75a830d,99.99997903063782
0x33bd3691a3f51228f661c35538ea7a5dee332265,99.99997901402273
0x7f892f468063c39123681e7712a84be3f8cc5f05,99.99997898291542
0x97a52c128f66893a73b968f31b8503066c5a0a7f,99.99997898009424
0x358ebf5fea3eb0e5acc24713d0d9b5c4e215445d,99.99997897407906
0x3c75829b6a425cbef3469c2dceac95157fc63ea2,99.99997893889004
0xe92ac1dd6243418876f90f6292c4213259405f0e,99.99997893730081
0xa5c94400c37ad2ea1d7b55b6841512cae056ec22,99.99997893313865
0x9106b962d3bac83fdf7ee09380e2c64a6d31834a,99.99997891839433
0x0c713d257e6126b5af10f1663b4a78046532f117,99.99997891616353
0x69655181a55755adc854cd35c15995393f63e9e5,99.99997891209514
0xffbae08270c6026ecde4f7ac821986242a371614,99.99997891123891
0x942951d87fcc888a86d2c1fdc6f430cbc7a75ead,99.99997891095815
0xf82a7ed939c9349641521da817a8e41b9af609ea,99.99997890625481
0xa7f12f3afc85de991c80a858b2e81fe22bd02fd1,99.99997887906716
0x315688ad709218bd6eb35bfd80808dabd39d7b4e,99.99997886322392
0x496626de392519228e2a670e5e410565b155a449,99.99997885982455
0x1015931c725a1ffcca376643b68cca15657220b0,99.99997885337167
0xf9d185e4ba9b7641442cbb9722d9258ea3f6e4c1,99.99997878895212
0x146da3c2dbc7d2bd34796cee8689cd72a4cca161,99.9999787699036
0x6dd2bf2dad0eb1a4a861c9ac5807e2da82c353a9,99.99997874150066
0x4f20d49a5f7c53ce24336fb806a6e08c357e82cc,99.99997873760313
0x3e4308e8f936719cf1ca14fdad5367a9ba2a6b7f,99.99997871762972
0xd8451cfb302ee84ec700d302369f57c907d8388c,99.99997870420094
0x6e07f6797624eb2094f497963689db161caf9816,99.99997867185074
0xaab39e659f4371cff8ec85f95797a6d603528d17,99.9999786647323
0xc1a91d1b31b74875e7113aa7583aad8bbf5a34cd,99.99997863478703
0xc9bacf360e462e146bd62362366f4e1948e2d9e2,99.99997863128873
0x47d5d80e3d34626c612fd51ebe814d3be2d12ec9,99.99997860062581
0xa80b0e2af4fabb5d2313ce48e71b49756b9712e5,99.99997853153239
0xe25af9878437ff6ffb8e66291aff7d6a38ff7426,99.99997853004092
0x5fad19eceb690aed6801c13de63e1942e58bddb8,99.99997852273827
0x14b46ced7c91bd5b57e566fe2bc0ad64a04775a4,99.99997848990823
0xa3f00ce41fd48d3f0933ed856451c3e1e2d2abe8,99.99997848761224
0x318870558fe30b100d0b739522ea39cec32220ee,99.99997848406068
0x84dafc5f0aa36f66b8de5e3b5744196cdf4200fc,99.99997843625835
0xfb0c167a37e7817bd2299d0a31bf6a207a0f61d4,99.9999784202413
0x61e33b31d8a25fdfb1d7a1c8b14b7b5e9dc7d537,99.99997839183092
0x176fcd36cebb69b51b0e3d766d7aa2fe903009ca,99.99997836073436
0xe20aa1584df34b8be8d544a9ae15eb49807d5d93,99.99997834942012
0x4382b482e63ddc44ad6f567d5b083857e303ebf2,99.99997831907082
0x25b0ffebccd68651a1c27a8dcce448a08995e509,99.9999782361479
0x979f2f5111f10b5fb29a8923ae3f282897fdc5cf,99.99997821234452
0xb9eafa295424ea5001f312657d484556bda3971b,99.99997818550466
0xdb9bc8b6770e179b2f1f6cd0562bbcdb99784f39,99.99997818413286
0x6210a64317dea4f3d9a515df1665e3487c0c0c91,99.99997814483542
0x215e063dee8268011c9e0486a0dc09b8a6c4f22a,99.99997813769461
0x4761e38d875fce1313b75ee083b4f97c6b8efc66,99.99997811850754
0xd692c0fe519307326b1ed2e06aecd480e949b331,99.99997811493321
0xaee84ed6958d3e0f6c15ad047a8ab10047ff9705,99.99997807309906
0x4f4a88b7254752d8cc372ec97fe558b526faecd2,99.99997801924715
0x916fe407ae0e58a4590e997751614ceaf5b0bd99,99.99997801389313
0xc8cb483c8f32e8537790ee77ccd7036a89197c18,99.99997799926679
0xcade19e0a586b33b1e8f6dcac636a2da545fd7cb,99.99997798383137
0x33360e8c8b7494d75d452bfccb85382f25dc71b8,99.99997798051568
0x63c2358420bdb8bc719e9372dbb827a3427b04d6,99.99997794754788
0xa01587beb358db6996229522a69805c228c05d6b,99.99997776408519
0xd7c28b76d084be570acbfc8235a5e8df5a058275,99.99997775456578
0xa2554fadb1fd83208767c4ef970ecd2fdf01813f,99.99997775415073
0x86b6ab19308ec17ddb11eb9e4ce0a626ef76bc50,99.99997772805065
0xa94237bd647e820b6740ebbd77285fb3a200ae1c,99.99997766956751
0xa1b52bd57f3c440a62174f79ceecf0c6ecd35a3e,99.99997764042597
0xe8124b8c3edfd7221d693e8f85c81b5ec2bcb449,99.99997751646947
0x5adc4f4764fe515057bc989b3a7eaa22eee044cb,99.99997751007605
0x7eb0586d74c6b63125d31c883bfb42a1d9cce799,99.99997750808221
0x10f8fc1f698846a1b1686ab632b4fc216582af72,99.99997749567514
0x39684cf3e0770befe6881ec9b35fe78b937a2db8,99.99997745891497
0x2a5c00c5cbe49fac10faaf607c01099caeac458c,99.99997745374826
0x8b976ccd8280b17e815dd13829535462a0481dcd,99.99997742530473
0x44ecb55da12acfaa7d9ef5e9d7442551a416c99d,99.99997740974777
0xa45ae997cd38323a3cfe1a5a7a3d109ff2f2ffcb,99.9999773733145
0x4fc45c7a20d5479c24c56b527bcafb930cae4e80,99.99997736428409
0x61cac615242efe40bd1d2f4f9b59d2a522e9d93d,99.99997729631068
0x10668a88ba1a5d157ad1feb63b389d9c81cb6edc,99.99997728759381
0x901e9ffe28c136759399025ef9d2da2ca9089bd2,99.99997728136547
0xcc4d45eb93142bbb1a9aae045eeae43ac1aa6ae4,99.99997723555988
0x7c6c95e5d2993b0d413791c5b6da4862428c7995,99.9999772045626
0x168363f819d39f4afa9b1d750ca1ed97c0dcb76f,99.99997718324845
0x471d7caf12125044b582b27789c3d7f13121d80a,99.99997715776605
0xa30d031889afa05d9de116100e8c0ffd0c326367,99.99997715299158
0x3a82fcd2460e0531830962087b876affbf682abb,99.99997705598062
0x142ab6d22c6bc18f5978474ebf4313b297796d89,99.99997698387578
0x3baa72b69ae3abba5d5abd3936859b8f68b5d5a2,99.99997693720883
0xdc24abff8dfa614260a70fba60ff766d4af59a76,99.9999769364679
0x7764cb461f1ba5503912f83414275f2cc714c274,99.99997691956646
0x2f0cdef3acd24c5d269cefb1ce4a6b12babd6833,99.99997691829162
0x1e27440297b1803180504f9ea64b93baed112281,99.9999768592732
0xd8e23f3f570e97cc785186211914ab8467548cb1,99.99997682791238
0xc088cbbbcc5f25c2705b6c73b8bbcfc3dee8ea21,99.99997681492565
0x9cec09722cce32ce4cfbbdc524beb35e5358af71,99.9999767806675
0x3b2533fed336ea00e2fae64b5868ec9e315b3912,99.99997670794252
0xd870aeb5ef72520fe90ec5531950457b2fcdf8ad,99.99997663969084
0x400231d49e80901d0b3ec749b9c8259600cd75ae,99.9999765658347
0x53f7ea56b87564ee7bfcfcb16c785ea00c708593,99.99997653811886
0xd38d3b64504480945f482c03670352ca35679630,99.99997649217872
0x9d166593ef1642c621df086310247cf3690835a1,99.9999764835412
0xa07006453d0d17867b04d24889f8cd017d019ca1,99.99997645371249
0x216f2541f4b612218a2fe17c75a89face8f86835,99.99997642085634
0xe176e9c165a65717cb1a7888c39929977dbe8263,99.99997641177171
0x8d97d14e2e89f5ea3ec4b7b7445664988dd9205c,99.99997637550753
0xd55764553e842667ff7345ed3159ec8f98755306,99.99997634296088
0x1d23af6d17e54df525112a02285a2327dd8d94e4,99.99997633918116
0xbd6cb7f8c79743078880ed210cf4ebdcc8b5f6c4,99.9999763140134
0x36d9d626d54f81bd821a040a3663bf7788aab76b,99.99997631274327
0xac7b30dd85c1eabc8c53b63c2474426e4fc5a0cc,99.9999762918103
0xaa18139399aefc81da763e0270fdb946afc24be5,99.99997615869005
0x8b9b218954646d945d86c7dd730d0f1eb2b549bc,99.9999761063269
0x583047d6f20fc804f38f25bc25c1f7cdb04956f4,99.99997609784917
0x2456e68a468638aff4bc6656ef312ad28d490c15,99.99997608224126
0xd6f5646d9e7fbee7cc907eb8e12dafa5378431e6,99.9999760464087
0xc34e0727428303010eef33dfe026e0d175f430a3,99.9999760413908
0x5bf334b9d5dd6ebb1f924ffbc6f3114b6ea828f5,99.99997600558864
0x058bdde93176f754be2c4361a99ed20869e106bc,99.99997598215677
0x407942941686f50c061503fc28209d3a09530ba1,99.9999759773114
0xa1b188cda9b570ab15483b827d656516ea35a102,99.99997597111665
0xca7049c58f5f5a8ee1e694b19f60da5bf736cb89,99.99997593200649
0x8035ad96953db163cc85657387aecad9e59c8950,99.99997592362972
0x39fe5f3049440f6924f808f3aa0c7e7bf8e0643a,99.99997591455269
0x96f9739442e6777068c1a7fdbec6139491449610,99.99997590546975
0x2d9e8cc02e467603af86f743ce3b7cee269f99de,99.9999758961187
0xbf112617bf6de09aa276249356a74e456226fe4e,99.99997588136785
0xe0b94cfd66308966848dfc4496d783a98b507dd9,99.99997581917968
0x7f234dd38c33e263fc338d3d06064c8fbef39c89,99.99997580654335
0x9a0a34df1692f73e4aa8347c734d092e8b652df7,99.99997578483118
0xcdfd56bdc4133b517ece840477c067d2aa84bb24,99.99997563963319
0x44abe8a021973dcf8bde8e333d990e9f91a953fd,99.99997561630792
0x496c34876a2ff1484ad8b5823fe577a2400b1ea6,99.99997553568103
0xb7075d2692933939d7aa7763ddc758b23d563632,99.99997552743186
0xbd008c52b3ff74e4fdb5edc68edac8ffdd12b05e,99.99997552256367
0xa9e4a82f0ccf372dfce67ffd632e89b9857ae73f,99.99997550842536
0x6442047419bd24a5d64c9a37c58caad52f749d04,99.99997549383956
0xb8fbbdd9209e7015495b4cd7583120918741efe6,99.99997539938089
0x1a3ce0b0e1ebe30de4f540a036d7f74b6fa221a1,99.99997539174962
0x65c0783de9b033d1d5d0d300349a0144af4b7535,99.99997539019402
0xdf7a7f4cb52c59d18cc5e1510c0b524b5031731a,99.99997538123739
0xdbd72602043ef1c531e3f3c2da87089ef5e9c2a1,99.99997532554042
0x68dc7bcf45e32b4d95cc715343f844d3233f3c46,99.99997528036853
0xefd7502791bcbf534a9946f691b7b38ea07e4dd4,99.99997521964053
0x0a45477554b036877befd3189512a550932100bc,99.9999751850448
0x2d8830b662307570c8bfec83cda8a0295b4ce6a5,99.99997516682011
0x68a85b18a8fef2f4d2b23fa9c96b8824ef9e6dec,99.99997515268022
0xf1cc8d1a0d8ad603bd4d5f7a05a6ecdbfc0e93e3,99.99997513066609
0x5d44e45a1f5385dd3951f2ea04e4edac2eb40859,99.99997511451618
0x5864ac44ee401e43695d9af40ec9e99221dcce64,99.99997508545633
0x1d9a25008a0c97cf8ab2870bf094e6006d9f1658,99.99997507401679
0x9f2650560edbdf941df8012a409f9dbb9ca932a2,99.99997507314627
0x681769c6d44e86250fc95a3b7e0a28a427e55b64,99.99997506415873
0x27a41cb58ac08ca794279796a082cd55d567961c,99.9999750351177
0x25b2375a75aa0b3377ca5f15318a5609d7000a6f,99.99997503298965
0xa0c8b1eb8c096f660f6fe4ff3bc0ffcf12b9c0f7,99.999975031043
0x4cdf088ac50af486498b9994193a3999b74a4003,99.9999750264313
0x408fbd8183dac9d230adb91d201263ad1faa7e8d,99.99997502614886
0x753efbe0275cf37de7a7de7cc5cf2fb0bcbe2162,99.99997502553063
0x0789c4312a4a09b5844991a3a8775e1cefbd138f,99.99997500627082
0xa8896a4e03caf88dc90120f32ae2235922549c5c,99.99997497903504
0x757ea5b606f525f5bba1c5a2ede66a3e52e09f29,99.99997496204483
0x5d2217c6037c779287032b69fdf1a1d9e360ded4,99.9999749546678
0x63cac8851d210bcb979e37b63d7802c1793d31c4,99.99997494261086
0x2f44a397872d1e3bb7fd1fd6fbc438a30a3385e3,99.99997494253863
0x4f532e0ae9954a85e5396f3e8d1876556317bfba,99.99997492743282
0x94c6f8c70bada9f748b1a5958c2ab5b06f80552c,99.99997492389029
0x36f322fc85b24ab13263cfe9217b28f8e2b38381,99.9999749197423
0xfcd0003fa3070f29c49c89070cefdc97f2083ea0,99.99997491247777
0x1cec80dc9a311b737a32320763a24f0ddcbe8837,99.99997491127574
0x04a4a37feb756b260fb13609fabf4ca07b931aba,99.99997490648731
0xa5b74b0225a3a3c892d1b8b81833f146dbe36073,99.99997490115969
0x56d55bef9915d1a476847746169e5de1fba69f56,99.99997488758467
0x119c26cd0091e3094d7d539e1ed5fe805d474706,99.99997487698651
0x432c0369f153b0005d04b55ee01d0d1ebf1f7919,99.99997486640481
0x31023c43f09f35ebaf044a166ea74208d97c30e9,99.99997486640162
0x03bdc7af3bd6bd1c84ada9e2ce28504307cafbd3,99.99997486582534
0x44350c1e92d3b06e26479bf2a90e90c048f99fde,99.99997486142749
0x09068a871687405c380e90871244b2244afb331b,99.99997484769241
0x854f9d7ecc8b78b2f4c46f6a03378943b96b6715,99.99997484160644
0x322a049d3dfec9be77c09fbde476125cd0b1d9de,99.99997482942963
0x2ee843928c0e76d346b41c44707baa7d0cdca188,99.99997479929027
0x8458d3d1ca51df7b443f1d1f2e1adc07e2109555,99.99997478926974
0x98e23b98ef08809bcd23455680260e4329fd75a5,99.9999747722187
0x4a4c3b84089d677afb9ccb3edfd24de9f29a0343,99.9999747696799
0x26ebb81c6a456fd63fee3abd9ee8916b3e334159,99.99997474982239
0x9c5d4a9b76b247c5c910d69f17a7de87bdf65c39,99.99997474976267
0xc23eef354eeafa70619a1a37f9139b9b09af826a,99.99997474230469
0x56dea299512cc421187974ad7dcd061f1d0fdb98,99.99997472747755
0x0509227c5983b68d00ec5965478dc17637ba2e7d,99.99997470463947
0x94df032d9d27e5bdfbf48595254ccdc2de46bd72,99.99997466659138
0x434e9db7a6227a870562b37df00ed84cd2f5be0c,99.99997466476354
0x0e3070781a011517cd4e27d28f5eb234958282e4,99.9999746075661
0x90fbdda569127131d130385fa6050ac6d4dc766b,99.99997460352658
0xbfee0a6fcb63b6993e09c4e4229365afc3460c28,99.99997460073773
0x65c6996e12c95a8c337516ff890230039a99aa9f,99.99997459966808
0xb15eb9b4e6c55fce206695f3bd5a3373c4dbdd22,99.99997459474753
0xf9ac16da368c9a30d3bda392adc0cbffe2e084cf,99.99997459298194
0xd773b555d54e34364bbc051a374674e0a301ebf5,99.99997459217242
0xa0269c5c65dae82a1dd161da1992c6cfba62077b,99.9999745805167
0x7b2ecfa28fd2c03f719edc796cd5b714218612c4,99.99997456399278
0x8fc4ce97c58765708492990de43f6aabe38fa918,99.9999745555664
0xeed4e402faf415599811c73d0b0ee96cf014b1fc,99.99997454700714
0xd0e4b9f9116b18af06efde3bf10a0dec66431ee7,99.99997454566407
0xb86d0b230b6c3b04f71d015e6b940fc0540548b0,99.99997454412485
0x5918869a4486af99dbc8816c28a6597d0e7a188a,99.99997454399995
0xa03cf50f91a403138914826a86f064b59e6a36d9,99.99997453377352
0xa35261d5572cfff8ea5750e27a00f786c47fdea3,99.9999745324076
0xee02d6be712ab1559274aa9dcdede6968d9ca1d6,99.99997453016216
0x5d12dd05de5f27541c94bd3564a51cd74e7e99ff,99.99997452764346
0xf60c522dde7f7243f953442d80b5ec48c2a97eb8,99.9999745232722
0x94d124192d38736daec67afc59ffaba82de29977,99.99997452057598
0xb2ed0d2952ad408aac8d2a7b286123d04d1117de,99.99997451385526
0x23abf0c50e3506ad1da7864446adb64f19814ccd,99.99997450437597
0x4e8455a139cc6ded3019b72da359af6a16f7250d,99.99997450330713
0xd754eccd96df1c4a0957fa17a8326072e65b9d94,99.99997450128919
0x81fa42cd80aec89ced53fd0afc7b7a5980818f04,99.99997446650404
0xae3ee804f27f75e28621924622fb760a669648ae,99.9999744624576
0x07cb43a8fcdeb3befb9b61641ff91d0689ea12d2,99.99997446212011
0x1b338353bb53f5e6a874c0a8eefeab59751fe7e1,99.99997445008731
0x5339a5773181fee1d2d9634124ee819ebaf5dc60,99.99997444758417
0xc287db85e211926e2b7e516efd004715adbcfd2e,99.99997444513843
0x72324a7558c624f287e726356dc831db034e5b57,99.99997444200102
0xd8d1e1e7860df994e3cf8eee4d5df64ffc12c7c7,99.99997443889488
0x8d5f057c16d2d5ea48029d505fb2a1cfa87fd40e,99.99997440994429
0x3d5df176eaa53bc157fa07ee08fb1ab500f73367,99.99997440478104
0x7e3991c83da05c44e49c0665fe571c5abacee8c7,99.99997439670327
0xb7b76b569e2c8acb285493c479027a37d4e1300b,99.99997438144904
0xcb78c26088fe6f52b2490e37e721e7ff4c1f14d7,99.99997437219083
0xb4b08d0775f0ee590849781459317a2193e30e99,99.99997436290768
0x522a4cd34388741cea9f981b1988372f20250f7f,99.99997435892463
0x6457993c3c44108ac04835f8f6c2acbaa29a1a03,99.9999743422254
0xb2f7769bc5a34a2abb88969190e65d5c9b4b4957,99.9999743369895
0xb12577a321014b922fab933a3c60b49f75b382ab,99.99997428307009
0xe37eded7da9a72633db7409118555df90cb791f2,99.9999742109454
0xb8dc9e14d84931c04769507917adb940db25e270,99.99997420136152
0x3ce63a2d1cee07fc476fabfb8b24755006935f5c,99.999974194327
0x8e6343cba42608ccd2f7fa91add95af29abc59e5,99.99997414387171
0x6a947b5e8f61af1f336ea4da584818029c8805b3,99.99997412900817
0x8c16c8fe98a50b515cf8268090bcb8886b241908,99.99997410633081
0xbbbdfbe1a7207fdd7574ca235055f2ef6b572d68,99.99997408536213
0xe322960acdbcc44a23aabfdf14fe99f58efb5ec4,99.99997402731566
0x40609426a6b6cbe9e9e0dabc4cf03d2cbba6a587,99.99997399533736
0x543699eb4e7df6263a5e78a14857b179fc2ce8fd,99.99997398944113
0x6b9da597bf587ab390184a1640851c482d120e21,99.9999739565258
0xc3a2c57a3db661826810e7cddedcbdf12f762070,99.99997394053631
0xdfa2ce23e7a0f0dd95c4719bc53de74b5ebd81d0,99.99997394014103
0x83efa8293a5c40fca10d3f4a8b29ad027f53f8a3,99.999973917284
0x2fcda75f0038d54bd0f0d88d5db2a62ea298af36,99.99997389642706
0x4486a002fd3451b24fb6685456c8ad18210327d2,99.99997387332824
0x0242d49b86bca78489d31583f15130a1d8b654de,99.99997380107769
0x2b660ec484464d2e4cfe67dae21499ceebb719cf,99.99997379751375
0x76b8b517731f879ef2dce1f3a627b3872bd40ebf,99.99997378655245
0x1ed69aa6dab016deaf4f62c61c204d2795e53034,99.99997375684057
0x3a15f0394297e74904657e7088b83a127defc9c4,99.99997372274727
0xf956c32c38d84ed45f67fb63c1f57a5b04171a96,99.9999736671789
0x5b3d63134fb87e81fe13a4d5fd02feab43511dea,99.99997364446352
0x395ca01dab5c40029632c7a5c27235304013374d,99.99997358286844
0x48a1928640437e8ccfe4b749935e261bc11321c8,99.99997357594744
0x90743dc56b81aecb7d89eb68d5ef0215c648adb4,99.99997353880583
0xae70acd6e759415cad556bb8851fa93ef8adca66,99.99997340656269
0x612216d8318c8d0c06b74d9a96822218dc6454ad,99.99997340379626
0xab8f9f84fbd38414eb9346001dac8734f31bf969,99.999973363217
0x55048079bd497535b2b5e2ba71d9b8a581069540,99.99997331035628
0xca5c64336cc706f48d909a27f562b39d2a7d2963,99.99997326760547
0xe5c29f92e742e9ac213f2737dbe1beb6ab259832,99.99997324618579
0xc32bc8149c01b56defc8a1252573cf4c06c78ff5,99.99997322830218
0xe7f2004f57892ed3424998f994093e7924bd72c6,99.99997319585967
0x921b7be97dd33f454fdb8b27b3092d82a27eeda9,99.99997317186697
0x27ebe5855f50389d4d399f08fef7405cc363bf8a,99.99997307002931
0xd62d928684983e5eae3dcdc5cdbb96b97bf740dd,99.9999730042832
0x731503e1ccf11d0d1aa629d4554f733e44924da5,99.99997298419233
0x8bfbf9471c0e34f8c08a934c704b79f149dafbba,99.99997297759147
0x6aace9f0abf856da4fa90b74d28c67ceb836fe5b,99.99997283255667
0x2d4efd69c99c0c758d842d149c93aab9f82096b0,99.99997282465347
0xf02734457546fab2d19c8a54e94569f746b53246,99.99997270756913
0xd45fcca46d33522886694e4d282cecf621a3878a,99.99997268274561
0x87f59185fb7b4733f855484e0ee86010c4facae9,99.99997265328918
0x9d3f10f5d553dda3f36e09ab0c3c757ba99e8894,99.9999726108222
0xb1edd308933b50dfeb42bb69cd7b05b1281ec0c1,99.99997249190177
0xb7c2e3b4d528afcac730e2a9228c2af508c6070c,99.99997246602551
0xaf96d2af0daa1c00e47d1431a29a94effae22936,99.99997234380797
0x54d6572fa9b3767d5a88d071fee433e3f066ebbc,99.99997232943144
0xe32de9900b4fbf381d13aeeb2b0479ece6eef0c3,99.9999723149662
0x7d887d7471940e6a3239465dd8871d24c0d341e6,99.9999722796002
0x192f44c5c94f39bf65574bf46ec09652cc46178a,99.9999722539418
0x9bb3028217496d274d6d780553dbfa76e7190b69,99.9999722038273
0xc95c5535dc25f0649c360c3b4549ee363f66df8b,99.9999721674906
0x983a7502500142441b5eba0644ed456fe261a5ac,99.99997216290278
0x0ab42c09348fb2b577f1bcc6dcd73576a3f3382f,99.99997207379222
0xf9a54c6beb80cbf7d259884e5c9da6bc14796d87,99.99997207047791
0xe3f7a6d3360b7f2e0e9ad480a8dbb4743a198d29,99.99997201606344
0x0364c42a15c2cc3073eba1e11ee5ab0c6a1b5b40,99.99997197206916
0xd3819bba39834eee18ba4ef76cd80f4e3240a8c4,99.99997193770149
0x414a643dba0c54e014a4bd86ef90cbb8c90c5dd7,99.99997191871162
0x1b034d9dbfa37c1d0959e46e309792fdc9e742c7,99.99997185065082
0x626b91713bce21364ea54f80baed978c94a49c10,99.99997184193413
0x58b7990c9fb59305893bbb9d5a8491ce0c143cac,99.9999715494217
0xf7749b41db006860cec0650d18b8013d69c44eeb,99.99997152416911
0x3444ecc6425b8cf1bbeb1a0e67d5a3ed51771501,99.99997152220217
0x1cbd4704f528cc2293b9822c6ed2eb52fdaaa845,99.99997148594278
0x8a17ae642b2e2fefc1f0c686dab91ec742b8fc5e,99.99997136362585
0x00f25b1c2410cedf130cc622618ba8d03c24de3e,99.99997135331499
0x79c4213a328e3b4f1d87b4953c14759399db25e2,99.99997129473188
0x1182af622cec7545bf2aa4a2b49f1917e24d1148,99.99997125122151
0x1fb4e0f6ad194317cdc3ab892a32d15a56c14dfb,99.99997124706262
0xa453d2756d3b30e2f7dc7dd750773e34435bb662,99.99997122988255
0x0a13f8b7e7b8534bf8cb98a8d394336cdd878766,99.9999711744277
0xa37ece9741df78e50c9a3eeb5b4057c1dc600979,99.9999711621753
0x6de3e46cce02a39d74e55eb8d23e5b175cab882a,99.999971149656
0xa7d02c4139d3124d609edb2d69ce1d1a2fbc37fb,99.9999710847883
0xead12c6ee973e03d2d630d81efa57f393cb9117f,99.99997108249343
0xeca41f7f0cd6da36295be1a1a0a0c40d4e7e8e61,99.99997104283962
0x23f251dc6093f39bafd34d32acaf8ff1c8b16135,99.99997094175008
0xeaeb4eab894407314c3dc19ad2274fc747e6cb17,99.99997087661495
0x425c21b4670b2be1f1ea5fb58e35cc5017da5531,99.99997083012408
0x62a5e0fd3d892d145a5776c6f0cdf35059ef5014,99.99997081346352
0xfe864dfdae2992e9229ea4b3ef63df6118f6976f,99.99997079889542
0x3b24268fee08f530ce942222b0e2c0211c497709,99.99997073321279
0xb4f96b836a8045688936dcb1b4943784f9eda508,99.99997062816402
0xe1f2fefc28864139900bda05965060ccd8f00cf3,99.99997048705045
0xf196bba501bd8b6bfbe230dd6db39a93c72cb4f8,99.99997047326096
0xcec545bcf9bb77038e81117df0a4c173b62623f1,99.99997041319718
0x894e03b8122e2f1becc94794be4af756e9215e33,99.99997041197474
0x9fe23f447d55cf364de468251dde3aae0f436ecc,99.99997037758257
0x965bda7f01f4e8e1a2f68566fd7a68c93f39c37b,99.9999703419265
0x46613d101c6787b5c7ad01c0fd9a0cb5489cf4f6,99.99997031157221
0xdb4c05bc6b7232410a0c112d917df159d6f3b31c,99.99997027629163
0x7dc7ef3113074f2c320172373bedc74a36c642e4,99.99997018899883
0xb5d33e4f1681f486b69c080bc0d444fdb3ed3ce2,99.99997014000516
0x90c6fb1613c30317d3fa215dd2418db38cb554df,99.9999701042524
0x6c0d70de788d3b9ccc7a7d8bc3d951c0887bde58,99.99997009420534
0x03a4018bbc6823bafca57ca0af68739292442548,99.99997008536482
0xb5515f8128f73cf21645014e6a894e3d18a9bee6,99.99997004839587
0x554aa106a942a89dbe8cca63e9d4fa32cffd2e9f,99.99996999653447
0x7f9fbcd2be9f9b423d07984b2e3ac3bde5691c6c,99.99996997988659
0x68be4a4b110d47ff5fa408216d0a4696c845e6a8,99.99996980546727
0xbe121852607fb30a38d222a7d6eced4010467e60,99.9999698029536
0x308cd6fcea72dea9d0f8fed0ceaaef7d76fc8eb6,99.99996976705262
0xc676b41dbd9c14b49f74c0b31b3f918795d61358,99.99996976516817
0xbc5d97c82e99606d3540defb3dc55b4b6f934a3b,99.99996975990648
0x9af79be9e6758595b30feb3a1ce1246fa4b65e8a,99.99996973124271
0x551585302d2a25fed1fdeb4bed3e4c5bdfaf07b3,99.99996972359638
0x42da91be491e4101f348b9a746183dad9a6f92a2,99.99996969022766
0x09aba93f660211dca3e89b2d95b777f7996d3b4a,99.99996964602116
0x7a71b7db088067c1d7063ef5f6920b041f0c9d40,99.99996962789822
0x4aa91bd36962c45b4ca2b93007ba6205dd17eb59,99.9999696258401
0x50f17b6a6e32c6166eda418ed9912a5d6ba40544,99.99996962448641
0x4c977ee99f10858e468a1df172d3edd4fae52db9,99.9999696150581
0xbd98f0b51e01a7c22afa7046d847064a61d3fc3c,99.99996958159588
0x350ff6001566d9dfb434dd724b8c6b94739be84a,99.99996948881925
0xe65c960a250f0a9adfdc7c2b294a24832270c31f,99.9999694542385
0xfeea4cd7a96dcffbdc6d2e6c814eb4544ab62667,99.99996937427136
0xa76bb32b7b2a495e67f3ba86da73ee0dedba3542,99.9999693363694
0xcd39c70f9df2a0d216c3a52c5a475914485a0625,99.999969222917
0x7b06bac704a85cbfc27681fac8a81db85221281a,99.99996917458658
0x25cf25f5a98dbb4b9f0d2376f848915c6b4c024e,99.99996913822912
0x45dba38ac06d2113a854f442f7edb073b34fafd4,99.99996912549905
0x33666dff8111c16bff4bc04a5b8c535edcc33f67,99.99996895489757
0x5f0ea2b991f90fa56e8dfe2029abc4e5646c451a,99.99996892201015
0x7d2a6678cee3dfb418dbd62547926cce61075a10,99.9999688589282
0x63156a054d82033530ef343e194805379172cdaa,99.9999687112417
0xd10d6e8fca3042edd7387608f99a3009fa3bf14f,99.99996866384103
0x6167a8a6d1f737fee5afbfed1697ec5a1e4a6b0d,99.99996839373644
0x2711119b41e4a76da12752b6528451341079e9ff,99.99996835827537
0x36faa1e49ff125ac72ceae0d5a2e35bc9add6591,99.99996831386292
0x75200941d1f1c50b8f064575481925cb14f27720,99.99996817430448
0x9a33fad6e7c1304913922d22768a108c298eeedc,99.99996815286958
0xd60b996a7abc8cf357d4e367348c3388ffd2dbe5,99.99996812541146
0x23ae69714e86f29ca019f033820aae446a586257,99.99996808645093
0xe1adfb4ed8992c885ca157aa0695a363275ba72d,99.99996807864673
0x59bf6bf3a7d2b29ffe26f60dc12fad87d7c5f5fb,99.99996803580524
0x3db4dcbd65e3879fc3ece583d0bd216062ff33e5,99.99996800978408
0x1dc12b6ce642e26bdb04000664f840d7ca481ed1,99.99996789677954
0x7ccf173012bfe53f16f4d6a2a4aea32abafcd04c,99.99996787447601
0x303b0e5ffce545d32ea89ed26b63596b8d255d27,99.99996783828315
0x1202c5deffab3580eb9317d53afd77bc760c47b0,99.99996766280591
0x1c3598c87714f93413f88f955028bf00c3888ba1,99.99996764473258
0x9c1019329ea8a93bd9b9937762ba7a5b2b6ffd9d,99.99996762855376
0x6d983cc30ea3f3f7c065333eb7fbbdbfc2e95246,99.99996760941386
0x685ab3eff5f5e3df19f91e94f1e7d8e908b12eb9,99.9999675546032
0xc0540037a382460dad17f5edcc21d507042377e3,99.99996752946014
0x46b4f5c542b3c211206f24bc3704fb9ed1e4e40e,99.99996747929421
0xe0eb642fda57ede15cfdd2f75f37acd6c8a3198c,99.99996747750886
0x3b3da68b98757e29873ab50e56fbdb28ec1159e6,99.99996742303738
0x9f7e85c3661c556e94cf0b79706d3b6c4cfa347d,99.99996733798952
0x79f2b11844610e32805565c586b9cc1f10cc1e68,99.99996725023153
0x2592ad9dad0740714e8e0f555866f2020dc5ba5f,99.99996719922419
0x1561896754698ed252f118ba5ad370af91f0a0fc,99.99996718428767
0x9b69e2ffd6fde616400b873cf782090bf40a7e6b,99.999967127431
0xecc097a1b7e9290accbcb6a33075ac1d9eff18b7,99.99996707439237
0x275ff8a50bc5841b09ec9a34c955898cd9eb43c6,99.99996703640043
0xc662606edb852ba22f75680f7b2c89767014520e,99.99996698033824
0x630cc4efc9e8d6c48b6de3898ed5a94ef095478f,99.999966953191
0xb4c6a5e9b481eb4cad2573a01510a924bb2f2341,99.99996685017646
0xea363868ddd53a146af3dc443fe8a7e369f5e10f,99.99996678708736
0x5dce21236cef60f92be7b546182811fd48e0b62e,99.9999667711128
0x1512a075268e33e4d68fba17336c9f1f5547d1f6,99.99996675120502
0xfad1561cc9d097d304d957f5d9cbff162ac6c888,99.99996668519911
0x84bdbbdf6798c9d9ce736776651d872df1ecc8be,99.9999665788656
0x340c030a301ae829a3e653cece8e4bc7f50c26a6,99.99996649049885
0x0cc9313ad823a0f12a3d1d4de8345c4c309c07a8,99.99996648904184
0x3924b75a2050159271e10c54b865204792140789,99.99996645051662
0xa225b77f5d320bc831d05b110037336e228779f9,99.99996641688293
0xfb1246d50c0c5580ae0bde02dc09baa6cdb56ecc,99.99996641059124
0xd0e35b9a205b7cc52f7c32c493b7fb7778fe67ad,99.99996640215802
0x62b69ecfe01dff78e1cefd2ea5e76af09026cbdf,99.99996640094163
0xf1200ceff95cf6b8a85d8c2f4463d11f8007364a,99.99996635889494
0x3c59c61f39a12598a732b6c2f43d5c9f7e7de5d5,99.999966311608
0x58a514b0f9921036c9d06982b160a80db1c5cd7f,99.99996627751085
0x027f909e8009939b42cbdbc77c08a9bd14c826b6,99.99996626501306
0x0dbb22125d92a3115e6ebdcadae60eb391b41960,99.99996622649321
0x149fc22c9ce74cb435dafffd9baca3da7febc5d8,99.9999662164806
0x2b791991bdbae86b2d069d7164918d8d15860563,99.99996615851745
0x6981378e696b0dd0e585d4d519c98b8a2c5bc020,99.99996612100328
0x6b66e006d7f1d45504028da87b79d21104499e18,99.99996611561818
0x3d38f84ec60706c6e0ee0920f9dee0fb11f052d2,99.99996608011351
0x66bbcd3d44d820767850ec6d9a5cd3739cc216fc,99.99996605295777
0x9c3914ba3e8e71f695dc56d104df6b3324272151,99.99996603491549
0x98bd7220fcb0f605b9b135f714b9dd549738acfe,99.99996601592993
0xb6b6dc1798e58503f1598597f5564ade049e9a0a,99.99996600559876
0x0834e7fb4eb8f6a44181129727f2642ec0e59c9e,99.9999659886421
0xb675c94f60e742e12d6a19440aefedfd55ec19c9,99.99996597765394
0xef76d933c76dd4c5d15b31ae4e84d8d0e43c77ba,99.9999659613505
0x89dd2431a459991c75a89e3202b7dc4a0ad4ee1e,99.99996586264011
0x2ef32af55bd079068f21627a84c23ff32547b763,99.9999658450483
0x044c6e35bad52c36fe9389497c6e0bda0eaacddb,99.99996579192539
0x59557081bcb1d3c6f0a6e19e98a164306f5ccd7c,99.99996578454954
0x47e61d576e38f636f922f0c76ce9042c727022a5,99.99996575109954
0xe406effa525ebd2c68ab9e91b0fc730469f61e6a,99.99996573267325
0x99d7c7236040296cfec6e28f20df1f982ad3a464,99.99996572773483
0xa446e8143bca021e0c886af313de38e24e78ea34,99.99996565859576
0x846bba98fb10ae1590c24795bc7f57c4f5f00dbb,99.99996562937372
0xd5383dafc4a1cf9a6bf048c243aec54a473b27c3,99.99996559736599
0x7365e5f456667348a563b0889bd000965901aaf3,99.99996558771876
0x03f2eb77c91dcb481734e24a03df497c46fdf27c,99.99996556804176
0xbfa4c7eb49c3313762bf5fbecbdc9be3054b08bd,99.99996554879075
0xfde1dfbac99f22cd6af8fbb9e715d0472cd307b3,99.99996549012312
0xd8be43858a6eee7cf7490c17a887a780b5d06abb,99.9999653073726
0x034a94bd2b03d95fa3341e762416d45c6d9e4bff,99.99996528329469
0xf1257a1fd86b35a29aba62004d47b562472d4d93,99.99996526797295
0x9551853ad63c77a23540d9fe544903332540b84d,99.99996520998414
0xaa25a82e1407e9580d0daefe075e2cc6473da938,99.99996516339202
0xcf2937b45ad9e17edb0f1fbd3b20ca26a0798fb2,99.99996516293783
0xf274d377f83c67e764d4e5dbb78783d2c206c048,99.99996508815057
0x80fa73259431d797fbb71606d3fd62e7d99197e7,99.99996496104185
0x56f9933e5e21c02c552b5b74c9caf5e6f40e1ead,99.99996489788126
0x51e5bff3a0bbf57cdf9a3eb56c1e069d1bee6313,99.99996488415114
0xa29d52f540a5770316cc207c0891d87e6cd7b371,99.99996487062856
0x0efb8977b3628ed98d3752636a87fcbb0142daae,99.99996483777933
0x82dc09cc25a2cc540ec8e79d71d7fc289a340a6e,99.99996480036076
0x77ef6211bc991cab47ed7513d01d19ed085077b8,99.99996479952344
0xbe9d14cdb1b2f74ece5370c447f7cd9baae8eed6,99.99996472763097
0x6e4a388988252b9083963d0ed33aecb6eaa1df56,99.99996466835938
0x765d4ef74db28082de33161c9daaf640d98f5208,99.99996464302961
0x11b952dcafd5c3e7293bc1696b69e6d1a5049d4a,99.99996462746742
0xa8d7046b64fdce427aae97a113ca034aeba58195,99.99996453430397
0xc7b68cf9bc71b3add4a8f72bc201ff4d12f6412a,99.99996441350011
0xabc62d3c1a84a86b73b896fb6a411af73856ef79,99.99996434310582
0x42f8730bcd228fba012bc093c0ca816933fa727d,99.99996427108746
0xf3f6a1315eee77062b90066030ec47982fdcaf18,99.99996420059905
0x6110be9f29ab754a194763b421bd61c74b6dbb73,99.99996415919446
0xea4714d93e905b755050e7ebfd53937b5fed1e60,99.99996388152181
0x937534aeb1525d71d35e9903c0f847c4bd2495c7,99.99996360379268
0xf862ade9644da6007b47353d1cde4c10ebd9fc73,99.99996359993803
0x815f7b8c106454d725941e71cea707a958fef47d,99.9999635344229
0xd459cdb197400fd7fbd9cd3a42a6442611294261,99.99996352031617
0x406abd306b633b6460666b4092784a3330370c7b,99.99996340636224
0xe0266f90b8dce9c6c118eafe9a18cc1a1a1fb511,99.99996332960612
0xff6451fb7aa37ea00cfb199f9c34ee2b5318ad8c,99.99996326173982
0x80bb0d87dce1a94329586ce9c7d39692bbf44af6,99.99996324199059
0xb2905cdf2ba6eeb5f23b9988915a8a2a467f67f1,99.9999631757047
0x10ab1db2d731ee6eb857e4ceb1c8814121bfd42d,99.99996313788795
0x3924887060f83c417fa7d862105a9fa8033cd284,99.99996310156759
0x953ef149ca90fa1e3518c56178cba0346d8047bf,99.99996307995076
0x67d66a0d7f951e091fd6963d1e386681a1e1c28b,99.99996304754389
0xf504e600a94fa0d0d4953c2d08cb8b1dbc1d0f98,99.99996304710417
0x74399e3995087f004ee0579ef247517a782499b7,99.99996304502726
0x2d6e1486a3f5ca8a8105573eea81a1cea2e2c994,99.99996302002617
0x0172f82d3852c70c8804fd3c5981b2425a71efab,99.99996300819191
0x2a117237a7fee33f3ca143cfec35e97b5212a3cf,99.99996294476668
0xa8ac950edc4af5638676df4da8701be7ac0e7f27,99.99996289552271
0x2576cb53d484d7b26b8ff5a2981ea702c95d50d5,99.99996287542244
0xa28a5e109e40001fc23c01c8fbb573cd9c440102,99.9999628386552
0x0a759939b503827a606f1891cbc41bca8a0da2f9,99.99996283561262
0x0eb469104ba76a126bcf3e7b71b90230f3f62303,99.99996278329877
0xfafb5ecc19d7c7c4ca51e20f4d2bbaaa358976fe,99.99996276483158
0x9e8e3a7c0bd0279bb2f3f5f63f9bd42c42816215,99.9999626792856
0x3566c7f520decc20e76a010e2d7ec500bbe2e7a3,99.99996266736272
0x0aac7b82cfee4de5b007a184b159bfbae484736e,99.999962647438
0x436413e44d21495e7e33ae5f0cdd5a455f53f2bc,99.99996262969194
0x3292d3e97965a6316d57f8eb3356528595752a38,99.99996258991047
0x929041f624538c70487663a1974e2dec60cd24c5,99.99996256325589
0x7dcfe0612222e4408e42c5e94517710737ce289f,99.99996252748369
0xc72897c822c98cac7f6819ec512af440ee3294b7,99.99996245974413
0x94f8c963b06be74dc0e37c463077481911cd6a78,99.99996245698867
0x310d5c8ee1512d5092ee4377061ae82e48973689,99.9999623846894
0x8274d3ff5f039bdde5e355adff3ed1ba86bd986a,99.99996237346292
0x21d35c84cec52a91bd8747361a55c2d20783df59,99.9999623414859
0x69df5cae75051706dc07d70266488179c1e69199,99.999962310884
0x7f36293d383a1f1b7ba8c84d7d068024226a5662,99.99996230538733
0x8926ff3b2239d813fd7f112982320dfe23cbb7b0,99.99996229341575
0xf2f83e2b4aab3557752e1aa3c7c2709d4dafb4d3,99.99996229054518
0x1fe4ba44f11ac3559475d5583419081575c7515a,99.99996218772122
0xad2254e3c37ac1c1b08f8bd8dd3819443cf67235,99.99996218034711
0xdabb1e456cb0c490a34f65eff43ed0c449f039a7,99.99996216081513
0x4d997c89bc659a3e8452038a8101161e7e7e53a7,99.9999621387763
0xf655a2c4e303b7a4065d55c44cdb4cd5ccec4e16,99.99996207229943
0x723c430b9a42504dd602ded1bcfe50fbe7d46338,99.9999620487715
0x5cb8a8045ca301c60f45e4ec6672e81a78880c28,99.99996204624692
0x938fd817f1572d1761e1116716fe4683be597897,99.9999620359778
0x0079fe344f3fdec28956b39c8bbf5b5c31b926bd,99.999962018574
0xfe4f3bed602817ba91c76eec5364f2180a36d780,99.99996200313143
0xf92d38c0478a1932300d17d4d3af5bf91da8bf14,99.9999619944102
0x834ffcb267152b49e16ff87608be14c35173be62,99.99996198907296
0x7b32e91fe1e1c7b60f9ae6d8315f2b92fb505141,99.99996193310989
0x8298f8b7c5c7a41d9209c1b53ce5a751be28216c,99.99996193227202
0x53f546678190530b10f72cc58174cecb72d3ea22,99.99996191687505
0x843cfe444bac3002c5f22ea188e58ffb034c20a6,99.99996191253823
0x12a7cfadd61ee0001bf5b56919a35a25b7412c01,99.99996186120883
0x237e13a7c9ae8525159a13e1b6061f1ca6337314,99.99996182884486
0x3be0d421c69d0fb10e48b48b5e2846b9a05e0b31,99.99996177442291
0xb46eff5b2676832de163cc6f4761d7a4ee055c38,99.99996175843778
0x1e2a4977e37c1cb238f8e16a0187d9bf66c60cb5,99.99996173104462
0xb0e94fcfeff79fd6ee5e02516ecb407343fb92d6,99.99996171718821
0x76fe4dbeeb24c9c3375301eb6cf9b48126fb92da,99.99996166935424
0x059d0be12a7477a074dac48c4560c723ffcbab0e,99.99996165794826
0xfff93f0af4ef0fecc48071cfaa9fd798cf216165,99.99996154821018
0xbab7f9c58e19b0636f183e6f98313dc5e9370667,99.99996152416868
0x9444cf2d23ecbd86d09f32b6e7c1ec66bcde4892,99.99996148062029
0xf41386284f00ad1e1f88cdad8a44d60e1e1d8c38,99.9999614797854
0x48de4999f4ddbedd2e1b2dccbc07af43a2018ac5,99.999961475929
0x763a7976a47b61db9a4d132bd162b45f698f3585,99.99996144796167
0x1ede70388721abc761901e6876fc1ec45ae78a05,99.99996144626101
0x84fccc30775cf7a6f0f1f65f641d5a7bff326594,99.99996143221816
0x42eb89cb1714a93de52601cd566bf1710941470b,99.99996142966964
0x60702ed97352aadb3c72422c05239dd83aadbe5d,99.99996136748759
0x2501c2d9f90f775559b626f1b52aa688d528339d,99.9999613254149
0x4677c06757a2059c7b750fd5b59c2e65bf1851b3,99.99996131179223
0xe02e74ca250ceba8381b36d4ba3f418284260f87,99.99996130595581
0x4ef70b3f336cf18d93df18956d80e8bc08e5df07,99.99996129758043
0xf7a268d2ac42a4e2626e2a7e100d7d929f91998c,99.99996120096289
0x21f210cd4f675e7f47780733e177fb02ab08f219,99.99996114547727
0x2be5ec0b73a49a4985e79a8bbc6bbf8f2caee05b,99.9999610813276
0x9ac45b6db1ac08f913154271e762318a008e5b7d,99.99996105171678
0xf05873ddb537ec5c6e5ec4348b6d12a669d9aa3d,99.99996103306391
0x295088e7adb3068af055f54b6e56449763a42932,99.99996102434483
0x31d583a494af597b53eb49b62fcaab4baf7f2e69,99.99996097268694
0x4399bc84b060d94906b4bbd051eded0ed7817864,99.99996092596933
0x7e118158e813897565e56a2dbb430e3414453796,99.99996085028687
0x4776fd2e8340d5bc7aefe197d83a6af2d258e8a6,99.99996076459396
0xd2fbab0af98355e472f3c45b70d85f9557f23781,99.99996073054807
0x02c5538202d60d26d87b7c9929eda68fc87e6466,99.99996072383742
0x473ff8de40b3e93ef92de783fc7442d3943623ac,99.9999607198907
0x66ebfaf136e66e0cdc3763989c25e32864cc18b6,99.99996071878608
0x3eb17ccd3d4f4ade5d407325f046dbc7eb8e5b40,99.99996065632565
0xe5a3412e37e04a4e4c83800eda967a9e8468b75d,99.99996058514623
0x0acf1598bc165213f05353b65754c113cbb9964e,99.99996055354133
0x4616ee8276bb1829d7b153c54a21fc91bceb6ec9,99.99996050283583
0xae06f8b423f441adc1de89b61bfcbb71367795fb,99.99996046739015
0x44704685af2ca18cb20142bb299cb43cb0b8a510,99.99996043748521
0xeaecc52f39a9336cd52bb557cbedb360f5bc5d5e,99.99996042465776
0x5e53dc1478db5195d08b22d01b5d1262199de7de,99.99996040985225
0xb03588c9ce1d9989c502e88bf48bc8750641f719,99.99996039292665
0xdf1a833b5e806fbf1d7ca12611f1db30bc02a765,99.99996038203025
0x1a4a92ff12c0797393d9c9b639e43a6268e165ca,99.9999603628698
0x687ede30dfe8e94734aee0296c5dabcdc9ed862a,99.9999603424278
0xf6654221f4db2a5397c643d59fc4c46680d1ed5d,99.99996033665546
0xfbc5bf9a7011d2d6cffe24245f1f4999e2205835,99.9999603040722
0x3321e00459a057cee02016b38933a63583cac386,99.99996029198456
0x690d7d5f0b918babba1f8dc4354f6f0d66a40c13,99.99996028719917
0xc78ebc34c3bcc5f99fc53dd5327a3908142089f0,99.99996028623113
0xfad927f0785e6fdda6c2e6422110b3d40a4c3f00,99.99996027494657
0x3106b59fa2447069cd140f73a11f856c772f06e3,99.99996027403188
0x08b0ea3ea925d0858ced248116cebc176c81269d,99.9999602616644
0x3f431a19020b7799c5b102e94d3fc4d9172904e1,99.99996024690685
0x2717c5753df40110905921d77a64c921e1467221,99.9999602456294
0x855436c225530286d1bfbf6321f27862cb618e0a,99.99996023667158
0xb93e1c802906402d052ccc5b7a7306bd7eea7034,99.99996021618915
0x08c323959b6c832ed837eea76cc42abaa9c8d093,99.99996020687483
0x6de74ac94e7e4c5875466f76aa475bc9b810fb45,99.99996018207327
0x62d77c39148efab45d9a12e1f1c4ab31d984aab6,99.99996017866519
0x8c9684c3c172069d011b13f77ae7b60c4d5b71e3,99.99996017750861
0xca071d08e9a648d37aec74a0689f41d0c28bfd19,99.99996016893363
0x5cc86c6422e2a789bf073fd2e60a93bda569a5e8,99.99996008549812
0x70fbfe2bcda5e855650cc651fc0f5313a2d7ea88,99.99996007909434
0x742e5a6dfff03542962e5bcb7b01577fbdf24fd6,99.99996007651097
0x6c44c2699cac7182c634af6dd0f54854864986d7,99.99996005171364
0x2a55f658f577e91f0f12c6eb9757c5ba4adb5574,99.99996004306699
0xb00a247e69e821d1f1a31338c90f2b489e60d75d,99.99996004273883
0x83c9928245020d979ae93d063b4c5c2c5827c8a2,99.99996003820979
0xe8dbab7ef36d055ea7f4d9e6a7fd544959349252,99.99996001581735
0x4ae6bfc52a5ecb3fcb12fdad9985f3609762f303,99.9999599661818
0x587412899e7531c24037800939e1ebf3cfaf1e03,99.9999599607374
0x5d6564ba9c3af792dcbbba9cd0c1c50484a429ff,99.99995994292802
0x07f2e84d11babd5d195c929614c7b39c1b17f72f,99.99995993472149
0xed807c08f470e9a88bc054b8a2078b1b67af9c1e,99.9999599310153
0x3456029cf981125044c97ab2655d1ebd08548f7e,99.99995990393379
0x07c91b3993a696b0bedcbe146948cebce5a2d774,99.99995983606453
0x9dbf08f027b59a38eb856faacf1a3b3655bfffd1,99.9999598143827
0x3cfa2b0bfc0c3ca497943e46e90340c1f5f743b7,99.99995980240736
0x10aaa246861b94fc22b3595e89a91da6e752113d,99.99995979146819
0xd36a377d2b7a8bcdd2d7339e78bb4cf53c3d40ac,99.99995979122838
0xf4078d9ab32f933cb6f3a98d13f13a9ec699ee88,99.9999597691326
0xe6f3d4552158bdf682a83b2d7defcc8b8d70a40a,99.99995972997073
0x783751ed3a29b3bb5ea1f37035df0c1252356961,99.99995960052475
0xd4d7a79a518f459621c106f5496f167d3caf22ae,99.99995959116735
0xcad75c617b936c4de8161e26c02ccc3bcb7a372c,99.99995957064853
0xbebf749f8fbfbeaa585cdc535e6ed7924bfef6dd,99.9999595633887
0x1fca1017cd4bb70429d4f3c5ed8ec7d9635bff1e,99.99995951543103
0x1b004b42cea4191fa94cb3a8683afc5fc07ed083,99.99995944564832
0x369260edb15f4374a4985f4e5e750c34165143a0,99.99995938829021
0x1bd7baacdabc0fa50936b7bcb874e72da7b73063,99.99995932687361
0xb83632350f631a58a18f798dc4e81b42443c0a8c,99.99995929414351
0x80edc80bffbea5d6c053c0420a7d431b693970a4,99.9999592593364
0xcd3dc7dd4b80d016bfab4b0badc7b33cf65ecc94,99.99995925315417
0x8a3dd5625d21c75cdcd93cc31245ab1b77d98415,99.99995919392168
0x7f40bd9b929cc660225bd38bbdbe2e8a202175b9,99.99995914011298
0x16c49f0850b24fba97da0c51c095bbcd189fa94f,99.99995913922251
0xc40fe4081096fbfc77b56893a1384550681f699a,99.99995909369666
0x5459598eae80717bc5ad03c4e80418758c5f2770,99.99995907793033
0x7a4a5bc28a66542ff6a0fc80eed23a53e16b4277,99.99995905437686
0x130bd6e3d65e6d6cf629880fbf354659752bf2d2,99.99995900600602
0x309b38ec83f03f55822b424c42d9e3a7404e5e53,99.99995900206194
0x68da29bebfbea330e07f04ce8b3db5912af72a9b,99.99995897840819
0x108bd550a888b6174b7bb2f555fc4006b1853984,99.99995894660374
0xfa20692a0b8e0c8a355c2eb98bd585389ed0f86b,99.99995894234999
0xce30bdf223037e4474651f31d3e9a85cf2d341d0,99.99995890802255
0x85835ef4b37bb1ff736b286b8e808d2dbb6d7891,99.99995888914205
0x303b0678f141b882a2f26eb76a6b15777a67c10c,99.99995887915779
0x2c5457efaeff8aa216aecadf2276e8b212ca9f13,99.9999588670924
0x31a5eefef057ad79b49e0e803e2cf3f9760dde7d,99.99995883822935
0xae1692d8d045716c948b707550e91dbd2c55169a,99.99995883552522
0x9ffc1780c1f9a446b347cb63b67afcfdbdc1372f,99.99995881553086
0xd5e3cc88bb365543e6bcf3be5b653748b2c070fa,99.99995880797361
0x9ba4ae48b8ca9e98e511b3371a4d454d1a3e1003,99.99995880288539
0xf2a53468043270c00b4dc63e60c31fe21d82c6ed,99.99995880003809
0x988aefe2d8ea80600442bb7857f2470d8f101083,99.99995873530942
0x712075f8befb7f510c393b750a57150ec74503a3,99.99995872475019
0x242c94d61b55e89e523446a609646a8ca84785ff,99.9999587029478
0xe3e8df22110a7ad07a7cf8ff08c2334d18664b1d,99.99995869439451
0x61a9822852c557f1fb494766338b7c035887c76b,99.99995863323495
0xbf42aa5f52b52c3ac7e23695af1ae1a1f1d33972,99.99995858483848
0x5ca3e7be6bd34c2b3036bec7fb15d20f263b2738,99.99995856803612
0x28d4ac78f16e44c23b85a6e04f66b1a2005af357,99.99995856312765
0xc9e093dd5b67001c6f975bc4f62d0423909089aa,99.99995854982646
0xf652979abd67781fe3f6df57d3b2abcd9f7519cc,99.9999585459751
0x3a9b96cafdaf57a46f1f2a242e4cdb65f87f6fa1,99.99995853757045
0xaa68ca8521a09e697f8cbf125e916a742be21b0c,99.99995852622249
0x5bb272638a03404c27f36819dfc725f021fc8611,99.99995850002448
0xd501d7da9df09b119e7d03fb7b642521ab2c0520,99.99995849738431
0xcee1c71b5976a672b608e64ac59d95f2e21597ae,99.9999584839416
0x42a2f2c3be4f825758039ef254ae422a7a9c8774,99.99995847167324
0xfd15e9a2da90f905245a8c05daeb7a835ffe9d2f,99.99995844759785
0x33d19f1dfeb08d53699889fa11033cbf9224f66b,99.99995844079068
0x96f789ac4bbe025162e3e83a4cab9cf42a624580,99.99995840737405
0xdcabcdc0770180c521754797833dddbfa791766e,99.99995840421013
0xd525f398bb7a1a3aceed70f44f81116f8a111218,99.99995838904972
0x52cfe6a9c5592a080a9849cb98e4a4aded23c5b8,99.99995836560424
0xa7fda482e9cf9ff6555d2dc40a45b4cb6e2922e8,99.99995836093916
0x1876bf73a1993eeb1539e8f4bab7145dd507117c,99.99995834263287
0x1abaa7cc0fd556564f16faa6bfbff032557a5321,99.99995833141585
0xb13485b0d255bde7e59cbd55abde44967bb2a773,99.99995832889164
0xa83fe730cba473a222761a66be0c0587ecca531d,99.99995832598518
0x45dc9608a9ecfa6639d88824d7ae89e58c91b37f,99.99995832223956
0xcaadfaadd73fddede6338a30dcaaa6b09714c96e,99.9999583015225
0xf451e4f99087d65cd0bf1710ee3199566d1faa13,99.99995829766985
0x0e31cec4393b9a76b22b1013fce719867277a18f,99.99995827655714
0xb0fbf9b1a1c71bb9f9b49d1b16d79b3fec2399f7,99.99995825977092
0xa85f0d90aed5215d0e8f4712a8356817c63d7f17,99.9999582580368
0x57a6a09bf451110b5d09cb5f0bb463199a42bfe0,99.99995825378818
0xd2138585ea2ba94dc3de32ab19cf00d3ae3b277a,99.99995825032714
0xcfcaac1b1808a6ebb7347ce64981404fe49bdc9e,99.9999582474894
0xfb32135aad5ef6e0a766227a9d62d95b4d120772,99.99995823867494
0xc641c9ae4379c3467bd3ad2516e11feef0b73d53,99.99995822810342
0x7f29f7af0de66bfcd0fff31cbde08897f13f5634,99.99995822502854
0x61debbff2de9e47cead8f9ed1ad611c1f78c3eee,99.99995821257414
0x80cb8379af578c33763ed4ed23c0107f74598823,99.99995821243591
0xa683ea6ec49793b3aa90b1fa17172238367f927d,99.99995820993324
0x10cb408e1285d840caced4d730df2359e3d56444,99.99995820793347
0x00e9dc3f85bcb907ca254c90765b57dd500494b8,99.99995820404452
0xaa9fea232259dc9067b09197418ae8c80d4b3e64,99.9999581960403
0xe0a3b33babbda5257c26195aaff45a9964046cea,99.99995819494647
0x2434de30892879b90ebe8c14ae959a6d360faa71,99.99995819339111
0xef3a2431f5327faeaf99143eebe66df4cd51e879,99.99995818132152
0x24ab5e1fc2925e54a505ed9fa52b29ee019d2764,99.99995817951373
0xfeae2ba33239812e7e840b2968de5b8727f1c31d,99.99995817656881
0x1ec4296cf64be6956deeb23cdc50c2966251a4c9,99.99995817644681
0x6765e2753c870055d78c3d7ade91f8eb1dc212e3,99.99995816235393
0x6daa0c33ccbac4c00b3341a951018a5128f3a6c4,99.99995815750185
0x5cfe58f1c75a86c371c2ae7e15cc75cf401ee6d9,99.99995815706599
0xb2fa13982a8bea84c591a4a3a2aa261dcfea4ce8,99.99995813685324
0x33e24d00a950e6e2ee179322c3fce28222193607,99.99995812480351
0xe263b4e5430148148878bfeec9e483c89ff342ed,99.99995812457999
0xf77a7689de1a8d3bdeccad2ba3168f4597538a17,99.99995812388279
0x51fd2969c5761e2a2e61a3be6e687d4c60cde46c,99.99995812242074
0x1a9b0f850541d20c0ba7da423977046f16e9a2a5,99.99995812133835
0x230690783fcf89902e4ec2e54e2962dcc2056de6,99.99995811997405
0xb39e512d99cb7552b21f25e7b76a5462149560af,99.99995811637697
0x424b9e171b516d91509acad95b28b8c38f068c0a,99.99995811358401
0xb3132bbcf4142f945af88acb805b395822cc7df0,99.999958104902
0x1423d0d411340cf56b5c3bd380edd84dafd78c69,99.99995810400675
0x43d9cc4c1b988add7551c89bf80346f118a097d7,99.99995809225193
0xdeec1af2ce97365709957123dbc16b0793ed02ee,99.99995809009134
0x79a14b466ee115a360a6dfbbfd8b144937d3eb43,99.99995808942445
0x305778810d1b2b49f02d6795d29045267155e685,99.99995808925391
0xfe6a9c1d988fe6b2756ac9c9eed506489a7c8420,99.99995808762262
0xc6e0b6821ea809ac5888b272f6a813bf6a7df777,99.99995808442442
0xa007df35ababa1fb0a58bb2bababde1bd83bd977,99.99995808404624
0x3cba71b7fa99b6d0426e1c6e9e1eb27f2f458b87,99.99995807956137
0x26a140783eba5095d7cef24bc4a915f7ee9d8db8,99.99995807523209
0xbd5a0ee9f146db334662e09197a71fb4073acac4,99.99995807189984
